{"cameraMode":{"drawMode":0,"name":"Shaded","section":"Shading Mode"},"sceneLighting":false,"audioPlay":false,"sceneViewState":{"m_AlwaysRefresh":false,"showFog":true,"showSkybox":false,"showFlares":true,"showImageEffects":true,"showParticleSystems":true,"showVisualEffectGraphs":true,"m_FxEnabled":true},"in2DMode":false,"pivot":{"x":0.33540186285972597,"y":0.04694213718175888,"z":-1.7654043436050416},"rotation":{"x":-0.002342209219932556,"y":0.9913365840911865,"z":0.017845995724201204,"w":0.13010889291763307},"size":1.8339745998382569,"orthographic":false}